{"loss": [3.7782697677612305, 0.8495075106620789, 0.46776700019836426, 0.3353607654571533, 0.24861426651477814, 0.18487747013568878, 0.13770774006843567, 0.10506433248519897, 0.0968688502907753, 0.0740249752998352, 0.06992758065462112, 0.06584140658378601, 0.0588386245071888, 0.05249960348010063, 0.05432848632335663, 0.04006906971335411, 0.04255937412381172, 0.04570597782731056, 0.024074938148260117, 0.029402248561382294, 0.026055214926600456, 0.02785985916852951, 0.015034385025501251, 0.019314805045723915, 0.016647392883896828], "accuracy": [0.42124998569488525, 0.7599999904632568, 0.8643749952316284, 0.909375011920929, 0.9306250214576721, 0.9468749761581421, 0.9549999833106995, 0.965624988079071, 0.96875, 0.9750000238418579, 0.9768750071525574, 0.9775000214576721, 0.9867088794708252, 0.9850000143051147, 0.987500011920929, 0.9900000095367432, 0.9856250286102295, 0.984375, 0.9900000095367432, 0.9912499785423279, 0.9931250214576721, 0.9937499761581421, 0.9956250190734863, 0.9943749904632568, 0.9962499737739563], "val_loss": [1.8041794300079346, 1.2044864892959595, 0.7632301449775696, 0.8988174200057983, 0.5893301963806152, 0.5904036164283752, 0.6180485486984253, 0.6437482237815857, 0.48233509063720703, 0.6079500913619995, 0.6400604248046875, 0.4753570854663849, 0.5194646120071411, 0.3210218548774719, 0.48281005024909973, 0.3377014100551605, 0.37961146235466003, 0.2916736900806427, 0.3348335325717926, 0.45311203598976135, 0.25490763783454895, 0.3983312249183655, 0.31735870242118835, 0.355322003364563, 0.5108616352081299], "val_accuracy": [0.5612499713897705, 0.7099999785423279, 0.8075000047683716, 0.7975000143051147, 0.8525000214576721, 0.8762500286102295, 0.8949999809265137, 0.8837500214576721, 0.9012500047683716, 0.8912500143051147, 0.9012500047683716, 0.8999999761581421, 0.8974999785423279, 0.9287499785423279, 0.9237499833106995, 0.9337499737739563, 0.9312499761581421, 0.9437500238418579, 0.9325000047683716, 0.9387500286102295, 0.9587500095367432, 0.9325000047683716, 0.9487500190734863, 0.949999988079071, 0.9287499785423279]}