{"loss": [15.486002922058105, 8.4008207321167, 6.855902194976807, 6.107946872711182, 5.73096227645874, 5.181961536407471, 4.848851203918457, 4.648797035217285, 4.531015872955322, 4.3696393966674805, 4.083781719207764, 4.1152567863464355, 3.765855550765991, 3.6556620597839355, 3.589832305908203, 3.3881266117095947, 3.2871930599212646, 3.306525468826294, 3.1114392280578613, 3.033320903778076, 2.9321300983428955, 2.8768770694732666, 2.695136785507202, 2.544511556625366, 2.583834648132324, 2.4555959701538086, 2.339200973510742, 2.2709553241729736, 2.1846420764923096, 2.199310302734375, 2.028623104095459, 1.9504575729370117, 1.9033162593841553, 1.881205677986145, 1.7199046611785889, 1.6911847591400146, 1.6409318447113037, 1.5727169513702393, 1.5502136945724487, 1.4803166389465332, 1.4579464197158813, 1.3957947492599487, 1.356213092803955, 1.331650972366333, 1.3187072277069092, 1.2803701162338257, 1.2604563236236572, 1.2418442964553833, 1.2342685461044312, 1.2309985160827637], "accuracy": [0.3292500078678131, 0.4293749928474426, 0.4548499882221222, 0.4685499966144562, 0.47242501378059387, 0.48100000619888306, 0.4869000017642975, 0.48989999294281006, 0.4898250102996826, 0.48704999685287476, 0.492125004529953, 0.485150009393692, 0.4938249886035919, 0.4994249939918518, 0.4966999888420105, 0.49274998903274536, 0.4950000047683716, 0.4932500123977661, 0.5000249743461609, 0.5012500286102295, 0.49517500400543213, 0.4970000088214874, 0.5074499845504761, 0.5089499950408936, 0.5012000203132629, 0.5060750246047974, 0.5084750056266785, 0.5162500143051147, 0.5083000063896179, 0.5073249936103821, 0.5178250074386597, 0.5191500186920166, 0.5174750089645386, 0.5187000036239624, 0.5322750210762024, 0.5264999866485596, 0.5324749946594238, 0.5388249754905701, 0.5389500260353088, 0.5384500026702881, 0.542074978351593, 0.5508750081062317, 0.5569249987602234, 0.5611000061035156, 0.5605499744415283, 0.5680249929428101, 0.571150004863739, 0.5749250054359436, 0.5769500136375427, 0.5779500007629395], "val_loss": [11.18051528930664, 7.837777137756348, 7.294706344604492, 7.244652271270752, 5.19765043258667, 4.532684803009033, 6.121434688568115, 5.389538764953613, 5.312300682067871, 4.383366584777832, 3.4126534461975098, 4.995715618133545, 4.85433292388916, 3.817836046218872, 3.036701202392578, 3.8605589866638184, 5.10236120223999, 3.6221578121185303, 3.7644078731536865, 3.421481132507324, 2.147439956665039, 2.8441708087921143, 2.7426977157592773, 2.3240318298339844, 2.69283390045166, 2.221572160720825, 3.1299049854278564, 2.683626890182495, 2.9255409240722656, 2.1809449195861816, 2.09525990486145, 2.4859843254089355, 2.647569179534912, 1.8570269346237183, 1.6531238555908203, 1.7935197353363037, 1.7034413814544678, 1.8753273487091064, 1.5286147594451904, 1.6545486450195312, 1.4929503202438354, 1.4580292701721191, 1.3593895435333252, 1.5083955526351929, 1.3091912269592285, 1.357877254486084, 1.3745373487472534, 1.4152613878250122, 1.329091191291809, 1.2619993686676025], "val_accuracy": [0.38429999351501465, 0.4293999969959259, 0.4178999960422516, 0.3901999890804291, 0.4675000011920929, 0.4934999942779541, 0.4359999895095825, 0.4650999903678894, 0.4478999972343445, 0.4797999858856201, 0.48489999771118164, 0.47290000319480896, 0.47540000081062317, 0.4803999960422516, 0.5120000243186951, 0.5192000269889832, 0.45840001106262207, 0.47620001435279846, 0.44859999418258667, 0.4713999927043915, 0.5379999876022339, 0.49799999594688416, 0.4936999976634979, 0.49939998984336853, 0.47510001063346863, 0.4927000105381012, 0.45329999923706055, 0.4575999975204468, 0.4708999991416931, 0.4740999937057495, 0.4945000112056732, 0.4456000030040741, 0.4767000079154968, 0.5067999958992004, 0.5184000134468079, 0.5066999793052673, 0.5091999769210815, 0.5004000067710876, 0.526199996471405, 0.5016999840736389, 0.5382000207901001, 0.5364999771118164, 0.5555999875068665, 0.5174000263214111, 0.5655999779701233, 0.5407000184059143, 0.5455999970436096, 0.5370000004768372, 0.5476999878883362, 0.5648999810218811]}