{"loss": [4.990452766418457, 4.417690277099609, 3.8301587104797363, 3.2724685668945312, 2.7772397994995117, 2.3851184844970703, 1.996187686920166, 1.7912821769714355, 1.5703703165054321, 1.377301812171936, 1.3601288795471191, 1.186272382736206, 1.007806420326233, 0.9235687255859375, 0.8445180654525757, 0.8001927733421326, 0.8139174580574036, 0.7287782430648804, 0.6686627268791199, 0.6437298059463501, 0.5967260599136353, 0.6508879065513611, 0.5785195827484131, 0.5173465013504028, 0.47236186265945435, 0.4826311767101288, 0.4433613121509552, 0.465760737657547, 0.3963084816932678, 0.43528348207473755, 0.4301382899284363, 0.3764553368091583, 0.4151018261909485, 0.3584204614162445, 0.34063979983329773, 0.4203054904937744, 0.3453807532787323, 0.34394359588623047, 0.29107996821403503, 0.2941700220108032, 0.29948675632476807, 0.355270653963089, 0.3023168444633484, 0.30612513422966003, 0.2801257371902466, 0.2773154377937317, 0.3161346912384033, 0.29276415705680847, 0.26919499039649963, 0.2290472835302353, 0.3085850477218628, 0.28491079807281494, 0.2748117446899414, 0.3185405433177948, 0.22275011241436005, 0.2800559103488922, 0.22324484586715698, 0.23041890561580658, 0.27740851044654846, 0.2112082540988922, 0.23386937379837036, 0.2356126755475998, 0.21799291670322418, 0.24746008217334747, 0.24059058725833893, 0.23246070742607117, 0.20766136050224304, 0.1935722380876541, 0.16700811684131622, 0.22001352906227112, 0.1884250044822693, 0.24692514538764954, 0.21693310141563416, 0.23465564846992493, 0.21280255913734436, 0.265671968460083, 0.1625058948993683, 0.2235918790102005, 0.23285332322120667, 0.2140217423439026, 0.20234954357147217, 0.19839924573898315, 0.20317311584949493, 0.18883705139160156, 0.19970113039016724, 0.20408448576927185, 0.18601270020008087, 0.2178933471441269, 0.16581636667251587, 0.2003277987241745, 0.1776742786169052, 0.2039749026298523, 0.1700047254562378, 0.17093876004219055, 0.2112215757369995, 0.2588997185230255, 0.21355725824832916, 0.19939246773719788, 0.17563219368457794, 0.1489628255367279], "accuracy": [0.018124999478459358, 0.05375000089406967, 0.10750000178813934, 0.16437500715255737, 0.26374998688697815, 0.34312498569488525, 0.43062499165534973, 0.4699999988079071, 0.5268750190734863, 0.581250011920929, 0.6088607311248779, 0.640625, 0.6868749856948853, 0.7068750262260437, 0.7335442900657654, 0.7412499785423279, 0.7537500262260437, 0.7756249904632568, 0.7925000190734863, 0.7981250286102295, 0.8100000023841858, 0.7893750071525574, 0.8306249976158142, 0.8387500047683716, 0.8487499952316284, 0.8443750143051147, 0.8612499833106995, 0.8506249785423279, 0.8812500238418579, 0.8568750023841858, 0.8700000047683716, 0.8862500190734863, 0.8681250214576721, 0.8887500166893005, 0.8818749785423279, 0.8887500166893005, 0.8956249952316284, 0.890625, 0.9049999713897705, 0.9131249785423279, 0.9024999737739563, 0.8924999833106995, 0.90625, 0.9075000286102295, 0.9056249856948853, 0.9143750071525574, 0.903124988079071, 0.9125000238418579, 0.9162499904632568, 0.9293749928474426, 0.909375011920929, 0.9262499809265137, 0.9181249737739563, 0.9200000166893005, 0.9225000143051147, 0.9081249833106995, 0.9256250262260437, 0.9281250238418579, 0.9206249713897705, 0.9337499737739563, 0.9368749856948853, 0.9356250166893005, 0.9393749833106995, 0.9318749904632568, 0.9281250238418579, 0.9318749904632568, 0.9331250190734863, 0.9412500262260437, 0.9481250047683716, 0.9331250190734863, 0.9424999952316284, 0.9399999976158142, 0.949999988079071, 0.9424999952316284, 0.9437500238418579, 0.9275000095367432, 0.9518749713897705, 0.9443749785423279, 0.9424999952316284, 0.9437500238418579, 0.9456250071525574, 0.9449999928474426, 0.9524999856948853, 0.9474999904632568, 0.9437500238418579, 0.9493749737739563, 0.9474999904632568, 0.9462500214576721, 0.9531645774841309, 0.9387500286102295, 0.9606249928474426, 0.9449999928474426, 0.9556249976158142, 0.9524999856948853, 0.9462500214576721, 0.934374988079071, 0.9456250071525574, 0.956250011920929, 0.9481250047683716, 0.951265811920166], "val_loss": [4.687008380889893, 4.1460280418396, 3.6124401092529297, 2.914039373397827, 2.503216028213501, 2.129274845123291, 1.8599547147750854, 1.3498005867004395, 1.3117278814315796, 2.023524761199951, 1.0814857482910156, 1.6509071588516235, 1.5093127489089966, 0.7642865777015686, 0.7402995824813843, 1.0628453493118286, 0.8382622003555298, 0.6754955053329468, 0.8630720376968384, 0.8610290288925171, 0.6034614443778992, 0.494623601436615, 0.648374080657959, 0.7161691188812256, 0.5521544218063354, 0.6225249171257019, 0.41079288721084595, 0.5369677543640137, 0.8187974691390991, 0.5063099265098572, 1.0252948999404907, 0.44166386127471924, 0.49576306343078613, 0.3955647349357605, 0.3554040491580963, 0.5660290122032166, 0.6295998096466064, 0.5570902824401855, 0.6461805701255798, 0.4255487024784088, 0.49406811594963074, 0.4895704388618469, 0.4752466678619385, 0.45620620250701904, 0.33886048197746277, 0.6172139644622803, 0.32124224305152893, 0.4035220444202423, 0.5300769209861755, 0.8159701824188232, 0.4604586660861969, 0.31577205657958984, 0.40796637535095215, 0.8216593861579895, 0.7437041997909546, 0.4664699137210846, 0.6385971903800964, 0.5405380129814148, 0.4394766092300415, 0.7434700131416321, 0.4958328902721405, 0.876110315322876, 0.6987630724906921, 0.5703062415122986, 0.39493706822395325, 0.3388470709323883, 0.6278112530708313, 0.5038760900497437, 0.8096855878829956, 0.41984498500823975, 0.3814203143119812, 0.4774785339832306, 0.38317230343818665, 0.45850425958633423, 0.46461188793182373, 0.9621219038963318, 0.4390571117401123, 0.3002316355705261, 0.5125179886817932, 0.5474945306777954, 0.4448837339878082, 0.5261449217796326, 0.486552357673645, 0.5948109030723572, 0.5907971262931824, 1.4049116373062134, 0.4833337068557739, 0.8358229994773865, 0.5747061371803284, 0.750586986541748, 1.1117889881134033, 0.6532866954803467, 0.6778393387794495, 0.6967315673828125, 0.6366385817527771, 0.9765927791595459, 0.68430495262146, 0.948070228099823, 0.7254641652107239, 0.47202372550964355],